<?xml version="1.0" encoding="UTF-8" ?>
<!DOCTYPE struts PUBLIC
        "-//Apache Software Foundation//DTD Struts Configuration 2.3//EN"
        "http://struts.apache.org/dtds/struts-2.3.dtd">

<struts>
    <package name="device-package" namespace="/device" extends="my-struts" >
        <action class="cn.stu.controller.DeviceAction" name="*" method="{1}">
            <result name="add" type="json"></result>
            <result name="pager">/AllDevice.jsp</result>
        </action>
    </package>
</struts>