<?xml version="1.0" encoding="UTF-8" ?>
<!DOCTYPE struts PUBLIC
        "-//Apache Software Foundation//DTD Struts Configuration 2.3//EN"
        "http://struts.apache.org/dtds/struts-2.3.dtd">

<struts>
    <package name="login-struts" namespace="/login" extends="my-struts">
        <action name="*" class="cn.stu.controller.LoginAction" method="{1}">
            <result name="loginPage">/login.jsp</result>
            <result name="success">/persion.jsp</result>
        </action>
    </package>
</struts>