<?xml version="1.0" encoding="UTF-8" ?>
<!DOCTYPE struts PUBLIC
        "-//Apache Software Foundation//DTD Struts Configuration 2.3//EN"
        "http://struts.apache.org/dtds/struts-2.3.dtd">

<struts>

   <!-- <package name="struts" namespace="/method" extends="struts-default" >
        <action name="me" class="cn.stu.controller.MethodAction1">
            <result name="add">/add.jsp</result>
            <result name="update">/index.jsp</result>
            <result name="delete">/test.jsp</result>
            <result name="find">/find.jsp</result>
        </action>
    </package>
    -->
    <!-- 配置action的后缀 -->
    <constant name="struts.action.extension" value="action,do,,"></constant>
    <!-- 配置动态方法调用 -->
    <constant name="struts.enable.DynamicMethodInvocation" value="true"></constant>

    <constant name="struts.multipart.saveDir" value="/upload"/>
    <constant name="struts.multipart.maxSize" value="1048567"/>

    <include file="struts-*.xml"/>


    <package name="my-struts" extends="json-default">
        <interceptors>
            <interceptor name="MyIntercepter" class="cn.stu.intercepter.MyIntercepter"></interceptor>

            <interceptor-stack name="my-stack">
                <interceptor-ref name="MyIntercepter"></interceptor-ref>
                <interceptor-ref name="defaultStack"></interceptor-ref>
            </interceptor-stack>
        </interceptors>

        <global-results>
            <result name="myError">/error.jsp</result>
        </global-results>

        <global-exception-mappings>
            <exception-mapping exception="java.lang.Exception" result="myError"></exception-mapping>
        </global-exception-mappings>



    </package>

</struts>
