<?xml version="1.0" encoding="UTF-8" ?>
<!DOCTYPE struts PUBLIC
        "-//Apache Software Foundation//DTD Struts Configuration 2.3//EN"
        "http://struts.apache.org/dtds/struts-2.3.dtd">

<struts>
    <package name="user1" namespace="/u" extends="struts-default">
        <action name="*" method="{1}" class="cn.stu.user.User1">
            <result name="regPage">/reg1.jsp</result>
            <result name="prints">/person.jsp</result>
        </action>
    </package>
</struts>
