<?xml version="1.0" encoding="UTF-8" ?>
<!DOCTYPE struts PUBLIC
        "-//Apache Software Foundation//DTD Struts Configuration 2.3//EN"
        "http://struts.apache.org/dtds/struts-2.3.dtd">

<struts>
    <package name="struts-upload" extends="my-struts" namespace="/upload">
        <action name="up" class="cn.stu.controller.UploadAction">
            <interceptor-ref name="defaultStack">
                <param name="fileUpload.maximumSize">1048576</param>
                <param name="fileUpload.allowedTypes">image/png,image/jpg,image/jpeg,image/bmp,image/gif</param>
                <param name="fileUpload.allowedExtensions">.png,.jpg,.gif,.bmp,.jpeg</param>
            </interceptor-ref>
            <result name="success">/person.jsp</result>
            <result name="input">/upload.jsp</result>
        </action>
    </package>
</struts>
