<?xml version="1.0" encoding="UTF-8" ?>
<!DOCTYPE struts PUBLIC
        "-//Apache Software Foundation//DTD Struts Configuration 2.3//EN"
        "http://struts.apache.org/dtds/struts-2.3.dtd">

<struts>
    <package name="my-interceptor" namespace="/in" extends="my-struts">
        <interceptors>
            <interceptor name="in" class="cn.stu.intercepter.MyIntercepter1"></interceptor>
        </interceptors>

        <action name="*" method="{1}" class="cn.stu.intercepter.MethodInterceptorTest">
            <interceptor-ref name="in">
                <!-- 需要被 拦截的方法 -->
                <param name="includeMethods">add,update</param>
                <!-- 不需要被 拦截的方法 -->
                <param name="excludeMethods">delete</param>
            </interceptor-ref>

            <result name="add">/add.jsp</result>
            <result name="update">/index.jsp</result>
            <result name="delete">/test.jsp</result>
        </action>
    </package>
</struts>