<?xml version="1.0" encoding="UTF-8" ?>
<!DOCTYPE struts PUBLIC
        "-//Apache Software Foundation//DTD Struts Configuration 2.3//EN"
        "http://struts.apache.org/dtds/struts-2.3.dtd">

<struts>
    <package name="strut" namespace="/" extends="struts-default">
        <action name="*" class="cn.stu.controller.MethodAction2" method="{1}">
            <result name="add">/add.jsp</result>
            <result name="update">/index.jsp</result>
            <result name="delete">/test.jsp</result>
            <result name="find">/find.jsp</result>
        </action>
    </package>
</struts>