<?xml version="1.0" encoding="UTF-8" ?>
<!DOCTYPE struts PUBLIC
        "-//Apache Software Foundation//DTD Struts Configuration 2.3//EN"
        "http://struts.apache.org/dtds/struts-2.3.dtd">

<struts>
    <package name="register" namespace="/user" extends="struts-default">
        <action name="*" class="cn.stu.user.User" method="{1}">
            <result name="regPage">/reg.jsp</result>
            <result name="add">/person.jsp</result>
        </action>
    </package>
</struts>