<?xml version="1.0" encoding="UTF-8" ?>
<!DOCTYPE struts PUBLIC
        "-//Apache Software Foundation//DTD Struts Configuration 2.3//EN"
        "http://struts.apache.org/dtds/struts-2.3.dtd">

<struts>
    <package name="validator" namespace="/v" extends="my-struts">
        <action name="validator" class="cn.stu.controller.ValidatorAction">
            <result name="success">/person.jsp</result>
            <result name="input">/validatorTest.jsp</result>
        </action>
    </package>
</struts>