<?xml version="1.0" encoding="UTF-8" ?>
<!DOCTYPE struts PUBLIC
        "-//Apache Software Foundation//DTD Struts Configuration 2.3//EN"
        "http://struts.apache.org/dtds/struts-2.3.dtd">

<struts>
    <package name="myForm" namespace="/form" extends="my-struts">
        <action name="*" class="cn.stu.controller.FormAction" method="{1}">
            <result name="page">/form.jsp</result>
            <result name="person">/person.jsp</result>
        </action>
    </package>
</struts>