<?xml version="1.0" encoding="UTF-8" ?>
<!DOCTYPE struts PUBLIC
        "-//Apache Software Foundation//DTD Struts Configuration 2.3//EN"
        "http://struts.apache.org/dtds/struts-2.3.dtd">

<struts>
    <package name="intercepter" namespace="/intercepter" extends="my-struts">


        <action name="in" class="cn.stu.controller.IntercepterAction">
            <result name="input">/intercepter.jsp</result>
            <result name="success">/person.jsp</result>
            <!-- 只引用下面配置好的拦截器 -->
            <interceptor-ref name="MyIntercepter"></interceptor-ref>
            <interceptor-ref name="defaultStack"></interceptor-ref>
        </action>
    </package>
</struts>