<?xml version="1.0" encoding="UTF-8" ?>
<!DOCTYPE struts PUBLIC
        "-//Apache Software Foundation//DTD Struts Configuration 2.3//EN"
        "http://struts.apache.org/dtds/struts-2.3.dtd">

<struts>
    <package name="pro-package" namespace="/product" extends="my-struts">
        <action name="*" class="cn.stu.controller.ProductAction" method="{1}">
            <result name="pager" type="json"></result>
            <result name="add" type="json"></result>
            <result name="update" type="json"></result>
            <result name="valid" type="json"></result>
        </action>
    </package>
</struts>